<?xml version="1.0" encoding="UTF-8"?>
<metadata>
  <groupId>com.facebook.react</groupId>
  <artifactId>react-native</artifactId>
  <versioning>
    <latest>0.20.1</latest>
    <release>0.20.1</release>
    <versions>
      <version>0.11.0</version>
      <version>0.12.0</version>
      <version>0.13.0</version>
      <version>0.14.0</version>
      <version>0.15.0</version>
      <version>0.15.1</version>
      <version>0.15.2</version>
      <version>0.15.3</version>
      <version>0.16.0</version>
      <version>0.16.1</version>
      <version>0.17.0</version>
      <version>0.17.1</version>
      <version>0.18.0</version>
      <version>0.19.0</version>
      <version>0.19.1</version>
      <version>0.20.0</version>
      <version>0.20.1</version>
    </versions>
    <lastUpdated>20160215173402</lastUpdated>
  </versioning>
</metadata>
